bw,ts,deltar,aurora_error,bbr_error
0.1,0.1,178.90839157820852,0.0,5.02429586778808e-16
0.1,0.2,178.90839157820852,0.0,5.02429586778808e-16
0.1,0.4,178.90839157820852,0.0,5.02429586778808e-16
